RecordID,BUGNO,SEX,DATE,STATUS,PATCH
L7002,,,2017-06-28,Unmarked,C
L7003,1,M,2017-06-29,Marked,A
L7004,2,M,2017-06-29,Marked,A
L7005,,,2017-06-29,Unmarked,B
L7006,3,M,2017-06-29,Marked,B
L7007,,,2017-06-29,Unmarked,B
L7008,4,M,2017-06-29,Marked,B
L7009,5,,2017-06-29,Marked,B
L7010,6,M,2017-06-29,Marked,B
L7011,,,2017-06-30,Unmarked,A
L7012,,,2017-06-30,Unmarked,A
L7013,4,M,2017-06-30,Resighted,A
L7014,7,M,2017-06-30,Marked,C
L7015,,,2017-07-01,Unmarked,A
L7016,,,2017-07-01,Unmarked,A
L7017,,,2017-07-01,Unmarked,A
L7018,8,M,2017-07-01,Marked,A
L7019,9,F,2017-07-01,Marked,A
L7020,10,M,2017-07-01,Marked,A
L7021,4,M,2017-07-01,Resighted,B
L7022,6,M,2017-07-01,Resighted,B
L7023,,,2017-07-01,Unmarked,B
L7024,,,2017-07-01,Unmarked,B
L7025,11,M,2017-07-01,Marked,C
L7026,,,2017-07-01,Unmarked,C
L7027,12,F,2017-07-02,Marked,A
L7028,13,M,2017-07-02,Marked,A
L7029,1,M,2017-07-02,Resighted,A
L7030,14,M,2017-07-02,Marked,A
L7031,15,M,2017-07-02,Marked,A
L7032,16,M,2017-07-02,Marked,B
L7033,,,2017-07-02,Unmarked,B
L7034,17,M,2017-07-02,Marked,B
L7035,18,M,2017-07-02,Marked,B
L7036,19,M,2017-07-02,Marked,C
L7037,20,M,2017-07-02,Marked,C
L7038,21,M,2017-07-02,Marked,C
L7039,22,F,2017-07-03,Marked,A
L7040,,,2017-07-03,Unmarked,A
L7041,,,2017-07-03,Unmarked,A
L7042,,,2017-07-03,Unmarked,A
L7043,16,M,2017-07-03,Resighted,B
L7044,23,M,2017-07-03,Marked,B
L7045,24,M,2017-07-03,Marked,B
L7046,25,M,2017-07-03,Marked,B
L7047,26,F,2017-07-03,Marked,C
L7048,27,M,2017-07-03,Marked,C
L7049,28,M,2017-07-03,Marked,C
L7050,21,M,2017-07-03,Resighted,C
L7051,29,M,2017-07-03,Marked,C
L7052,,,2017-07-03,Unmarked,C
L7053,,,2017-07-03,Unmarked,C
L7054,,,2017-07-03,Unmarked,C
L7055,30,F,2017-07-03,Marked,C
L7056,10,M,2017-07-04,Resighted,A
L7057,8,M,2017-07-04,Resighted,A
L7058,3,M,2017-07-04,Resighted,B
L7059,16,M,2017-07-04,Resighted,B
L7060,,,2017-07-04,Unmarked,B
L7061,17,M,2017-07-04,Resighted,B
L7062,,,2017-07-04,Unmarked,B
L7063,31,M,2017-07-04,Marked,B
L7064,25,M,2017-07-04,Resighted,B
L7065,32,M,2017-07-04,Marked,B
L7066,27,M,2017-07-04,Resighted,C
L7067,33,F,2017-07-04,Marked,C
L7068,34,M,2017-07-04,Marked,C
L7069,35,M,2017-07-04,Marked,C
L7070,,,2017-07-04,Unmarked,C
L7071,13,M,2017-07-05,Resighted,A
L7072,,,2017-07-05,Unmarked,A
L7073,3,M,2017-07-05,Resighted,B
L7074,16,M,2017-07-05,Resighted,B
L7075,36,M,2017-07-05,Marked,B
L7076,,M,2017-07-05,Unmarked,B
L7077,,F,2017-07-05,Unmarked,B
L7078,,,2017-07-05,Unmarked,B
L7079,11,M,2017-07-05,Resighted,C
L7080,7,M,2017-07-05,Resighted,C
L7081,21,M,2017-07-05,Resighted,C
L7082,37,M,2017-07-05,Marked,C
L7083,34,M,2017-07-05,Resighted,C
L7084,38,F,2017-07-05,Marked,C
L7085,,,2017-07-05,Unmarked,C
L7086,35,M,2017-07-05,Resighted,C
L7087,32,M,2017-07-05,Resighted,B
L7088,24,M,2017-07-05,Resighted,B
L7089,1,M,2017-07-06,Resighted,A
L7090,13,M,2017-07-06,Resighted,A
L7091,93,M,2017-07-06,Marked,A
L7092,12,F,2017-07-06,Resighted,A
L7093,10,M,2017-07-06,Resighted,A
L7094,,,2017-07-06,Unmarked,A
L7095,,,2017-07-06,Unmarked,B
L7096,36,M,2017-07-06,Resighted,B
L7097,24,M,2017-07-06,Resighted,B
L7098,39,F,2017-07-06,Marked,B
L7099,,,2017-07-06,Unmarked,B
L7100,19,M,2017-07-06,Resighted,C
L7101,11,M,2017-07-06,Resighted,C
L7102,26,F,2017-07-06,Resighted,C
L7103,40,F,2017-07-06,Marked,C
L7104,7,M,2017-07-06,Resighted,C
L7105,41,M,2017-07-06,Marked,C
L7106,42,F,2017-07-06,Marked,C
L7107,37,M,2017-07-06,Resighted,C
L7108,,,2017-07-06,Unmarked,C
L7109,,,2017-07-06,Unmarked,C
L7110,43,M,2017-07-06,Marked,C
L7111,44,M,2017-07-06,Marked,C
L7112,45,F,2017-07-06,Marked,C
L7113,145,F,2017-07-06,Marked,C
L7114,29,M,2017-07-06,Resighted,C
L7115,,,2017-07-07,Unmarked,A
L7116,13,M,2017-07-07,Resighted,A
L7117,12,F,2017-07-07,Resighted,A
L7118,46,F,2017-07-07,Marked,A
L7119,15,M,2017-07-07,Resighted,A
L7120,47,F,2017-07-07,Marked,A
L7121,3,M,2017-07-07,Resighted,B
L7122,16,M,2017-07-07,Resighted,B
L7123,48,F,2017-07-07,Marked,B
L7124,,,2017-07-07,Unmarked,B
L7125,27,M,2017-07-07,Resighted,C
L7126,40,F,2017-07-07,Resighted,C
L7127,41,M,2017-07-07,Resighted,C
L7128,,,2017-07-07,Unmarked,C
L7129,,,2017-07-07,Unmarked,C
L7130,34,M,2017-07-07,Resighted,C
L7131,43,M,2017-07-07,Resighted,C
L7132,38,F,2017-07-07,Resighted,C
L7133,29,M,2017-07-07,Resighted,C
L7134,,,2017-07-07,Unmarked,B
L7135,49,F,2017-07-08,Marked,A
L7136,13,M,2017-07-08,Resighted,A
L7137,14,M,2017-07-08,Resighted,A
L7138,93,M,2017-07-08,Resighted,A
L7139,2,M,2017-07-08,Resighted,A
L7140,3,M,2017-07-08,Resighted,B
L7141,4,M,2017-07-08,Resighted,B
L7142,36,M,2017-07-08,Resighted,B
L7143,50,F,2017-07-08,Marked,B
L7144,51,M,2017-07-08,Marked,B
L7145,48,F,2017-07-08,Resighted,B
L7146,,F,2017-07-08,Unmarked,B
L7147,52,M,2017-07-08,Marked,B
L7148,53,F,2017-07-08,Marked,B
L7149,32,M,2017-07-08,Resighted,B
L7150,30,F,2017-07-08,Resighted,C
L7151,27,M,2017-07-08,Resighted,C
L7152,41,M,2017-07-08,Resighted,C
L7153,11,M,2017-07-08,Resighted,C
L7154,54,F,2017-07-08,Marked,C
L7155,,,2017-07-08,Unmarked,C
L7156,,,2017-07-08,Unmarked,C
L7157,,,2017-07-08,Unmarked,C
L7158,55,F,2017-07-08,Marked,C
L7159,34,M,2017-07-08,Resighted,C
L7160,56,M,2017-07-08,Marked,C
L7161,38,F,2017-07-08,Resighted,C
L7162,57,M,2017-07-08,Marked,C
L7163,25,M,2017-07-08,Resighted,B
L7164,13,M,2017-07-09,Resighted,A
L7165,1,M,2017-07-09,Resighted,A
L7166,6,M,2017-07-09,Resighted,B
L7167,4,M,2017-07-09,Resighted,B
L7168,18,M,2017-07-09,Resighted,B
L7169,36,M,2017-07-09,Resighted,B
L7170,53,F,2017-07-09,Resighted,B
L7171,58,F,2017-07-09,Marked,B
L7172,25,M,2017-07-09,Resighted,B
L7173,59,F,2017-07-09,Marked,B
L7174,19,M,2017-07-09,Resighted,C
L7175,45,F,2017-07-09,Resighted,C
L7176,27,M,2017-07-09,Resighted,C
L7177,7,M,2017-07-09,Resighted,C
L7178,11,M,2017-07-09,Resighted,C
L7179,,,2017-07-09,Unmarked,C
L7180,,,2017-07-09,Unmarked,C
L7181,,,2017-07-09,Unmarked,C
L7182,,,2017-07-09,Unmarked,C
L7183,,,2017-07-09,Unmarked,C
L7184,,,2017-07-09,Unmarked,C
L7185,34,M,2017-07-09,Resighted,C
L7186,29,M,2017-07-09,Resighted,C
L7187,35,M,2017-07-09,Resighted,C
L7188,55,F,2017-07-09,Resighted,C
L7189,,,2017-07-10,Unmarked,A
L7190,3,M,2017-07-10,Resighted,B
L7191,4,M,2017-07-10,Resighted,B
L7192,60,M,2017-07-10,Marked,B
L7193,36,M,2017-07-10,Resighted,B
L7194,59,F,2017-07-10,Resighted,B
L7195,,,2017-07-10,Unmarked,C
L7196,,,2017-07-10,Unmarked,C
L7197,4,M,2017-07-11,Resighted,B
L7198,61,M,2017-07-11,Marked,B
L7199,18,M,2017-07-11,Resighted,B
L7200,53,F,2017-07-11,Resighted,B
L7201,62,F,2017-07-11,Marked,B
L7202,24,M,2017-07-11,Resighted,B
L7203,30,F,2017-07-11,Resighted,C
L7204,63,F,2017-07-11,Marked,C
L7205,,,2017-07-11,Unmarked,C
L7206,,,2017-07-11,Unmarked,C
L7207,41,M,2017-07-11,Resighted,C
L7208,25,M,2017-07-11,Resighted,C
L7209,52,M,2017-07-11,Resighted,C
L7210,,,2017-07-11,Unmarked,C
L7211,,,2017-07-11,Unmarked,C
L7212,64,M,2017-07-11,Marked,C
L7213,,,2017-07-11,Unmarked,C
L7214,155,F,2017-07-11,Marked,C
L7215,34,M,2017-07-11,Resighted,C
L7216,55,F,2017-07-11,Resighted,C
L7217,,,2017-07-11,Unmarked,C
L7218,57,M,2017-07-11,Resighted,C
L7219,,,2017-07-11,Unmarked,B
L7220,10,M,2017-07-12,Resighted,A
L7221,14,M,2017-07-12,Resighted,A
L7222,4,M,2017-07-12,Resighted,B
L7223,6,M,2017-07-12,Resighted,B
L7224,51,M,2017-07-12,Resighted,B
L7225,65,M,2017-07-12,Marked,B
L7226,25,M,2017-07-12,Resighted,B
L7227,66,F,2017-07-12,Marked,B
L7228,67,F,2017-07-12,Marked,B
L7229,68,F,2017-07-12,Marked,B
L7230,,,2017-07-12,Unmarked,B
L7231,52,M,2017-07-12,Resighted,C
L7232,,,2017-07-12,Unmarked,C
L7233,30,F,2017-07-12,Resighted,C
L7234,,,2017-07-12,Unmarked,C
L7235,34,M,2017-07-12,Resighted,C
L7236,19,M,2017-07-12,Resighted,C
L7237,46,F,2017-07-13,Resighted,A
L7238,14,M,2017-07-13,Resighted,A
L7239,,,2017-07-13,Unmarked,B
L7240,4,M,2017-07-13,Resighted,B
L7241,52,M,2017-07-13,Resighted,B
L7242,69,F,2017-07-13,Marked,B
L7243,77,M,2017-07-13,Marked,B
L7244,,,2017-07-13,Unmarked,B
L7245,70,F,2017-07-13,Marked,C
L7246,19,M,2017-07-13,Resighted,C
L7247,71,M,2017-07-13,Marked,C
L7248,7,M,2017-07-13,Resighted,C
L7249,72,F,2017-07-13,Marked,C
L7250,155,F,2017-07-13,Resighted,C
L7251,,,2017-07-13,Unmarked,C
L7252,34,M,2017-07-13,Resighted,C
L7253,64,M,2017-07-13,Resighted,C
L7254,26,F,2017-07-13,Resighted,C
L7255,,,2017-07-13,Unmarked,C
L7256,31,M,2017-07-13,Resighted,B
L7257,16,M,2017-07-13,Resighted,B
L7258,,,2017-07-13,Unmarked,B
L7259,53,F,2017-07-13,Resighted,B
L7260,59,F,2017-07-13,Resighted,B
L7261,12,F,2017-07-14,Resighted,A
L7262,19,M,2017-07-14,Resighted,C
L7263,,,2017-07-14,Unmarked,C
L7264,,,2017-07-14,Unmarked,C
L7265,14,M,2017-07-15,Resighted,A
L7266,10,M,2017-07-15,Resighted,A
L7267,6,M,2017-07-15,Resighted,B
L7268,31,M,2017-07-15,Resighted,B
L7269,18,M,2017-07-15,Resighted,B
L7270,60,M,2017-07-15,Resighted,B
L7271,53,F,2017-07-15,Resighted,B
L7272,73,F,2017-07-15,Marked,B
L7273,67,F,2017-07-15,Resighted,B
L7274,74,F,2017-07-15,Marked,C
L7275,41,M,2017-07-15,Resighted,C
L7276,7,M,2017-07-15,Resighted,C
L7277,71,M,2017-07-15,Resighted,C
L7278,52,M,2017-07-15,Resighted,C
L7279,55,F,2017-07-15,Resighted,C
L7280,,,2017-07-15,Unmarked,C
L7281,64,M,2017-07-15,Resighted,C
L7282,38,F,2017-07-15,Resighted,C
L7283,30,F,2017-07-15,Resighted,C
L7284,10,M,2017-07-16,Resighted,A
L7285,14,M,2017-07-16,Resighted,A
L7286,,F,2017-07-16,Unmarked,A
L7287,6,M,2017-07-16,Resighted,B
L7288,60,M,2017-07-16,Resighted,B
L7289,31,M,2017-07-16,Resighted,B
L7290,75,F,2017-07-16,Marked,B
L7291,53,F,2017-07-16,Resighted,B
L7292,,,2017-07-16,Unmarked,B
L7293,25,M,2017-07-16,Resighted,B
L7294,64,M,2017-07-16,Resighted,B
L7295,19,M,2017-07-16,Resighted,C
L7296,41,M,2017-07-16,Resighted,C
L7297,52,M,2017-07-16,Resighted,C
L7298,76,F,2017-07-16,Marked,C
L7299,34,M,2017-07-16,Resighted,C
L7300,74,F,2017-07-16,Resighted,C
L7301,77,M,2017-07-16,Resighted,C
L7302,14,M,2017-07-17,Resighted,A
L7303,49,F,2017-07-17,Resighted,A
L7304,43,M,2017-07-17,Resighted,B
L7305,48,F,2017-07-17,Resighted,B
L7306,53,F,2017-07-17,Resighted,B
L7307,21,M,2017-07-17,Resighted,B
L7308,75,F,2017-07-17,Resighted,B
L7309,32,M,2017-07-17,Resighted,B
L7310,19,M,2017-07-17,Resighted,C
L7311,68,F,2017-07-17,Resighted,C
L7312,52,M,2017-07-17,Resighted,C
L7313,72,F,2017-07-17,Resighted,C
L7314,76,F,2017-07-17,Resighted,C
L7315,34,M,2017-07-17,Resighted,C
L7316,77,M,2017-07-17,Resighted,C
L7318,39,F,2017-07-17,Resighted,C
L7319,41,M,2017-07-17,Resighted,C
L7320,,F,2017-07-17,Unmarked,B
L7321,14,M,2017-07-18,Resighted,A
L7322,12,F,2017-07-18,Resighted,A
L7323,60,M,2017-07-18,Resighted,B
L7324,53,F,2017-07-18,Resighted,B
L7325,67,F,2017-07-18,Resighted,B
L7326,59,F,2017-07-18,Resighted,B
L7327,62,F,2017-07-18,Resighted,B
L7328,,,2017-07-18,Unmarked,B
L7329,41,M,2017-07-18,Resighted,C
L7330,34,M,2017-07-18,Resighted,C
L7331,,F,2017-07-18,Unmarked,C
L7332,43,M,2017-07-19,Resighted,B
L7333,66,F,2017-07-19,Resighted,B
L7334,67,F,2017-07-19,Resighted,B
L7335,,M,2017-07-19,Unmarked,B
L7336,,F,2017-07-19,Unmarked,B
L7337,62,F,2017-07-19,Resighted,B
L7338,34,M,2017-07-19,Resighted,C
L7339,59,F,2017-07-19,Resighted,B
L7340,78,M,2017-07-20,Marked,B
L7341,67,F,2017-07-20,Resighted,B
L7342,,F,2017-07-20,Unmarked,C
L7343,38,F,2017-07-20,Resighted,C
L7344,41,M,2017-07-20,Resighted,C
L7345,59,F,2017-07-21,Resighted,B
L7346,75,F,2017-07-21,Resighted,B
L7347,75,F,2017-07-22,Resighted,B
L7348,67,F,2017-07-22,Resighted,B
L7349,38,F,2017-07-22,Resighted,C
L7350,67,F,2017-07-23,Resighted,B
L7351,75,F,2017-07-23,Resighted,B
L8002,1,M,2018-06-29,Marked,A
L8003,2,F,2018-06-29,Marked,A
L8004,3,M,2018-06-29,Marked,A
L8005,,,2018-06-29,Unmarked,A
L8006,,,2018-06-29,Unmarked,A
L8007,,,2018-06-29,Unmarked,C
L8008,,,2018-06-29,Unmarked,C
L8009,4,M,2018-06-29,Marked,B
L8010,5,M,2018-06-29,Marked,B
L8011,,,2018-06-29,Unmarked,B
L8012,6,M,2018-06-29,Marked,C
L8013,7,M,2018-06-29,Marked,C
L8014,8,M,2018-06-30,Marked,A
L8015,,,2018-06-30,Unmarked,A
L8016,,,2018-06-30,Unmarked,A
L8017,9,M,2018-06-30,Marked,B
L8018,10,F,2018-06-30,Marked,C
L8019,11,M,2018-06-30,Marked,C
L8020,,,2018-06-30,Unmarked,C
L8021,,,2018-06-30,Unmarked,C
L8022,1,M,2018-07-01,Resighted,A
L8023,,,2018-07-01,Unmarked,A
L8024,3,M,2018-07-01,Resighted,A
L8025,12,M,2018-07-01,Marked,A
L8026,,,2018-07-01,Unmarked,A
L8027,13,F,2018-07-01,Marked,A
L8028,,,2018-07-01,Unmarked,A
L8029,14,F,2018-07-01,Marked,A
L8030,,,2018-07-01,Unmarked,A
L8031,15,M,2018-07-01,Marked,A
L8032,,,2018-07-01,Unmarked,A
L8033,,,2018-07-01,Unmarked,A
L8034,16,M,2018-07-01,Marked,B
L8035,17,,2018-07-01,Marked,C
L8036,18,M,2018-07-01,Marked,C
L8037,19,M,2018-07-01,Marked,C
L8038,,,2018-07-01,Unmarked,C
L8039,,,2018-07-01,Unmarked,C
L8040,20,M,2018-07-02,Marked,A
L8041,,,2018-07-02,Unmarked,A
L8042,21,F,2018-07-02,Marked,A
L8043,22,F,2018-07-02,Marked,A
L8044,,,2018-07-02,Unmarked,A
L8045,,,2018-07-02,Unmarked,A
L8046,,,2018-07-02,Unmarked,A
L8047,,,2018-07-02,Unmarked,A
L8048,23,F,2018-07-02,Marked,A
L8049,,,2018-07-02,Unmarked,A
L8050,24,F,2018-07-02,Marked,A
L8051,,,2018-07-02,Unmarked,A
L8052,12,M,2018-07-02,Resighted,A
L8053,25,M,2018-07-02,Marked,B
L8054,9,M,2018-07-02,Resighted,B
L8055,26,M,2018-07-02,Marked,C
L8056,,,2018-07-02,Unmarked,C
L8057,,,2018-07-02,Unmarked,C
L8058,,,2018-07-02,Unmarked,C
L8059,,,2018-07-02,Unmarked,C
L8060,1,M,2018-07-03,Resighted,A
L8061,,,2018-07-03,Unmarked,A
L8062,27,F,2018-07-03,Marked,A
L8063,,,2018-07-03,Unmarked,A
L8064,28,F,2018-07-03,Marked,A
L8065,29,M,2018-07-03,Marked,A
L8066,30,M,2018-07-03,Marked,A
L8067,20,M,2018-07-03,Resighted,A
L8068,31,M,2018-07-03,Marked,A
L8069,15,M,2018-07-03,Resighted,A
L8070,,,2018-07-03,Unmarked,A
L8071,,,2018-07-03,Unmarked,A
L8072,,,2018-07-03,Unmarked,A
L8073,,,2018-07-03,Unmarked,A
L8074,,,2018-07-03,Unmarked,A
L8075,,,2018-07-03,Unmarked,B
L8076,32,M,2018-07-03,Marked,B
L8077,33,M,2018-07-03,Marked,B
L8078,9,M,2018-07-03,Resighted,B
L8079,34,M,2018-07-03,Marked,B
L8080,26,M,2018-07-03,Resighted,C
L8081,6,M,2018-07-03,Resighted,C
L8082,,,2018-07-03,Unmarked,C
L8083,,,2018-07-03,Unmarked,C
L8084,,,2018-07-03,Unmarked,C
L8085,,,2018-07-03,Unmarked,C
L8086,1,M,2018-07-04,Resighted,A
L8087,,,2018-07-04,Unmarked,A
L8088,35,F,2018-07-04,Marked,A
L8089,36,F,2018-07-04,Marked,A
L8090,,,2018-07-04,Unmarked,A
L8091,37,F,2018-07-04,Marked,A
L8092,30,M,2018-07-04,Resighted,A
L8093,9,M,2018-07-04,Resighted,B
L8094,33,M,2018-07-04,Resighted,B
L8096,39,F,2018-07-04,Marked,B
L8097,,,2018-07-05,Unmarked,A
L8098,5,M,2018-07-05,Resighted,B
L8099,32,M,2018-07-05,Resighted,B
L8100,,,2018-07-05,Unmarked,B
L8102,,,2018-07-05,Unmarked,B
L8103,41,,2018-07-05,Marked,C
L8104,,,2018-07-05,Unmarked,C
L8105,42,M,2018-07-06,Marked,A
L8106,43,F,2018-07-06,Marked,A
L8107,,,2018-07-06,Unmarked,A
L8108,,,2018-07-06,Unmarked,A
L8109,8,M,2018-07-06,Resighted,B
L8110,44,M,2018-07-06,Marked,B
L8111,9,M,2018-07-06,Resighted,B
L8112,33,M,2018-07-06,Resighted,B
L8113,,,2018-07-06,Unmarked,B
L8114,19,M,2018-07-06,Resighted,B
L8115,45,F,2018-07-06,Marked,C
L8116,17,,2018-07-06,Resighted,C
L8117,46,M,2018-07-06,Marked,C
L8118,47,F,2018-07-06,Marked,C
L8119,,,2018-07-06,Unmarked,C
L8120,18,M,2018-07-06,Resighted,C
L8121,48,M,2018-07-06,Marked,C
L8122,,,2018-07-06,Unmarked,C
L8123,49,M,2018-07-06,Marked,C
L8124,,,2018-07-06,Unmarked,C
L8125,6,M,2018-07-06,Resighted,C
L8126,,,2018-07-06,Unmarked,C
L8127,50,M,2018-07-07,Marked,A
L8128,7,M,2018-07-07,Resighted,A
L8129,51,F,2018-07-07,Marked,B
L8130,44,M,2018-07-07,Resighted,B
L8131,32,M,2018-07-07,Resighted,B
L8132,16,M,2018-07-07,Resighted,B
L8133,52,F,2018-07-07,Marked,B
L8134,53,F,2018-07-07,Marked,B
L8135,54,F,2018-07-07,Marked,B
L8136,55,F,2018-07-07,Marked,B
L8137,,,2018-07-07,Unmarked,B
L8138,,,2018-07-07,Unmarked,B
L8139,56,M,2018-07-07,Marked,C
L8140,18,M,2018-07-07,Resighted,C
L8141,,,2018-07-08,Unmarked,A
L8142,57,M,2018-07-08,Marked,A
L8143,50,M,2018-07-08,Resighted,A
L8144,9,M,2018-07-08,Resighted,B
L8145,39,F,2018-07-08,Resighted,B
L8146,58,F,2018-07-08,Marked,B
L8147,59,F,2018-07-08,Marked,B
L8148,60,F,2018-07-08,Marked,B
L8149,61,F,2018-07-08,Marked,C
L8150,62,F,2018-07-08,Marked,C
L8151,63,F,2018-07-08,Marked,C
L8152,64,M,2018-07-08,Marked,C
L8153,,,2018-07-09,Unmarked,A
L8154,42,M,2018-07-09,Resighted,A
L8155,44,M,2018-07-09,Resighted,B
L8156,65,F,2018-07-09,Marked,B
L8157,53,F,2018-07-09,Resighted,B
L8158,55,F,2018-07-09,Resighted,B
L8159,66,F,2018-07-09,Marked,C
L8160,64,M,2018-07-09,Resighted,C
L8161,,,2018-07-09,Unmarked,C
L8162,67,F,2018-07-09,Marked,C
L8163,57,M,2018-07-10,Resighted,A
L8164,68,,2018-07-10,Marked,A
L8165,,,2018-07-10,Unmarked,A
L8166,69,F,2018-07-10,Marked,B
L8167,70,F,2018-07-10,Marked,B
L8168,,,2018-07-10,Unmarked,B
L8169,,,2018-07-10,Unmarked,B
L8170,60,F,2018-07-10,Resighted,B
L8171,71,F,2018-07-10,Marked,B
L8172,,,2018-07-10,Unmarked,B
L8173,34,M,2018-07-10,Resighted,B
L8174,,,2018-07-10,Unmarked,C
L8175,,,2018-07-10,Unmarked,C
L8176,23,F,2018-07-11,Resighted,A
L8177,57,M,2018-07-11,Resighted,A
L8178,35,F,2018-07-11,Resighted,A
L8179,,,2018-07-11,Unmarked,A
L8180,,,2018-07-11,Unmarked,A
L8181,59,F,2018-07-11,Resighted,B
L8182,72,F,2018-07-11,Marked,B
L8183,65,F,2018-07-11,Resighted,B
L8184,73,M,2018-07-11,Marked,B
L8185,74,F,2018-07-11,Marked,C
L8186,75,M,2018-07-12,Marked,A
L8187,76,F,2018-07-12,Marked,A
L8188,77,F,2018-07-12,Marked,A
L8189,54,F,2018-07-12,Resighted,B
L8190,16,M,2018-07-12,Resighted,B
L8191,78,F,2018-07-12,Marked,B
L8192,73,M,2018-07-12,Resighted,B
L8193,65,F,2018-07-12,Resighted,B
L8194,53,F,2018-07-12,Resighted,B
L8195,64,M,2018-07-12,Resighted,C
L8196,69,F,2018-07-12,Resighted,C
L8197,79,M,2018-07-12,Marked,C
L8198,80,F,2018-07-12,Marked,C
L8199,81,F,2018-07-13,Marked,A
L8200,82,F,2018-07-13,Marked,B
L8201,44,M,2018-07-13,Resighted,B
L8202,16,M,2018-07-13,Resighted,B
L8203,60,F,2018-07-13,Resighted,B
L8204,,,2018-07-13,Unmarked,B
L8205,39,F,2018-07-13,Resighted,B
L8206,65,F,2018-07-13,Resighted,B
L8207,58,F,2018-07-13,Resighted,B
L8208,9,M,2018-07-13,Resighted,C
L8209,,,2018-07-13,Unmarked,C
L8210,,,2018-07-14,Unmarked,A
L8211,42,M,2018-07-14,Resighted,A
L8212,81,F,2018-07-14,Resighted,A
L8213,83,F,2018-07-14,Marked,A
L8214,84,F,2018-07-14,Marked,A
L8215,44,M,2018-07-14,Resighted,B
L8216,85,F,2018-07-14,Marked,B
L8217,86,M,2018-07-14,Marked,B
L8218,70,F,2018-07-14,Resighted,B
L8219,65,F,2018-07-14,Resighted,B
L8220,52,F,2018-07-14,Resighted,B
L8221,87,F,2018-07-15,Marked,A
L8222,74,F,2018-07-15,Resighted,B
L8223,,,2018-07-15,Unmarked,B
L8224,85,F,2018-07-15,Resighted,B
L8225,87,F,2018-07-16,Resighted,A
L8226,24,F,2018-07-16,Resighted,A
L8227,52,F,2018-07-16,Resighted,B
L8228,,,2018-07-16,Unmarked,C
L8229,83,F,2018-07-17,Resighted,A
L8230,27,F,2018-07-17,Resighted,A
L8231,78,F,2018-07-17,Resighted,B
L8232,73,M,2018-07-17,Resighted,B
L8233,88,M,2018-07-18,Marked,B
L8234,24,F,2018-07-19,Resighted,A
L8235,73,M,2018-07-19,Resighted,B
L8236,73,M,2018-07-20,Resighted,B
L8237,89,M,2018-07-20,Marked,B
L8238,87,F,2018-07-21,Resighted,A
L8239,89,M,2018-07-21,Resighted,B
L8240,,,2018-07-08,Unmarked,B
L8241,,,2018-07-08,Unmarked,B
L8242,,,2018-07-08,Unmarked,B
L8243,,,2018-07-08,Unmarked,B
L8244,,,2018-07-08,Unmarked,C
L8245,,,2018-07-08,Unmarked,C
L8246,,,2018-07-08,Unmarked,C
L8247,,,2018-07-08,Unmarked,C
L8248,,,2018-07-08,Unmarked,C
L8249,,,2018-07-08,Unmarked,C
L9002,1,M,2019-06-28,Marked,A
L9003,2,M,2019-06-28,Marked,A
L9004,3,F,2019-06-28,Marked,A
L9005,4,M,2019-06-28,Marked,A
L9006,,,2019-06-28,Unmarked,A
L9007,5,M,2019-06-28,Marked,A
L9008,6,M,2019-06-28,Marked,A
L9009,7,M,2019-06-28,Marked,A
L9010,8,M,2019-06-28,Marked,A
L9011,9,M,2019-06-28,Marked,A
L9012,10,M,2019-06-28,Marked,A
L9013,11,M,2019-06-28,Marked,A
L9014,12,M,2019-06-28,Marked,A
L9015,13,M,2019-06-28,Marked,A
L9016,14,M,2019-06-28,Marked,B
L9017,15,F,2019-06-29,Marked,A
L9018,16,F,2019-06-29,Marked,A
L9019,,,2019-06-29,Unmarked,A
L9020,9,M,2019-06-29,Resighted,A
L9021,13,M,2019-06-29,Resighted,A
L9022,17,M,2019-06-29,Marked,A
L9023,5,M,2019-06-29,Resighted,A
L9024,18,M,2019-06-29,Marked,A
L9026,19,M,2019-06-29,Marked,A
L9027,,,2019-06-29,Unmarked,A
L9028,3,F,2019-06-29,Resighted,A
L9029,,,2019-06-29,Unmarked,A
L9030,,,2019-06-29,Unmarked,A
L9031,,,2019-06-29,Unmarked,A
L9032,,,2019-06-29,Unmarked,A
L9033,20,F,2019-06-29,Marked,A
L9034,21,M,2019-06-29,Marked,A
L9035,,,2019-06-29,Unmarked,A
L9036,22,M,2019-06-29,Marked,A
L9037,10,M,2019-06-29,Resighted,A
L9038,,,2019-06-29,Unmarked,A
L9039,,,2019-06-29,Unmarked,A
L9040,23,M,2019-06-29,Marked,A
L9041,12,M,2019-06-29,Resighted,A
L9042,24,M,2019-06-29,Marked,A
L9043,,,2019-06-29,Unmarked,A
L9044,,,2019-06-29,Unmarked,B
L9045,,,2019-06-30,Unmarked,A
L9046,,,2019-06-30,Unmarked,A
L9047,1,M,2019-06-30,Resighted,A
L9048,25,M,2019-06-30,Marked,A
L9049,,,2019-06-30,Unmarked,A
L9050,21,M,2019-06-30,Resighted,A
L9051,26,F,2019-06-30,Marked,A
L9052,19,M,2019-06-30,Resighted,A
L9053,7,M,2019-06-30,Resighted,A
L9054,,,2019-06-30,Unmarked,A
L9055,,,2019-06-30,Unmarked,A
L9056,,,2019-06-30,Unmarked,A
L9057,27,M,2019-06-30,Marked,A
L9058,28,M,2019-06-30,Marked,A
L9059,12,M,2019-06-30,Resighted,A
L9060,29,M,2019-06-30,Marked,A
L9061,24,M,2019-06-30,Resighted,A
L9062,23,M,2019-06-30,Resighted,A
L9063,5,M,2019-06-30,Resighted,A
L9064,,,2019-06-30,Unmarked,A
L9065,14,M,2019-06-30,Resighted,B
L9066,,,2019-06-30,Unmarked,C
L9067,,,2019-06-30,Unmarked,C
L9068,30,M,2019-07-01,Marked,A
L9069,,F,2019-07-01,Unmarked,A
L9070,,,2019-07-01,Unmarked,A
L9071,31,F,2019-07-01,Marked,A
L9072,13,M,2019-07-01,Resighted,A
L9073,,,2019-07-01,Unmarked,A
L9074,6,M,2019-07-01,Resighted,A
L9075,,,2019-07-01,Unmarked,A
L9076,32,F,2019-07-01,Marked,A
L9077,,,2019-07-01,Unmarked,A
L9078,7,M,2019-07-01,Resighted,A
L9079,,,2019-07-01,Unmarked,A
L9080,21,M,2019-07-01,Resighted,A
L9081,11,M,2019-07-01,Resighted,A
L9082,33,F,2019-07-01,Marked,A
L9083,34,M,2019-07-01,Marked,A
L9084,35A,M,2019-07-01,Marked,A
L9085,,M,2019-07-01,Unmarked,A
L9086,,F,2019-07-01,Unmarked,A
L9087,27,M,2019-07-01,Resighted,A
L9088,24,M,2019-07-01,Resighted,A
L9089,36,F,2019-07-01,Marked,A
L9090,12,M,2019-07-01,Resighted,A
L9091,37A,M,2019-07-01,Marked,A
L9092,5,M,2019-07-01,Resighted,A
L9093,15,F,2019-07-01,Resighted,A
L9094,37B,M,2019-07-01,Marked,C
L9095,38,M,2019-07-01,Marked,C
L9096,39,M,2019-07-01,Marked,C
L9097,40,M,2019-07-01,Marked,C
L9098,,,2019-07-01,Unmarked,B
L9099,,,2019-07-01,Unmarked,B
L9100,,,2019-07-01,Unmarked,C
L9101,41,F,2019-07-02,Marked,A
L9102,1,M,2019-07-02,Resighted,A
L9103,42,M,2019-07-02,Marked,A
L9104,,,2019-07-02,Unmarked,A
L9105,23,M,2019-07-02,Resighted,A
L9106,,,2019-07-02,Unmarked,A
L9107,6,M,2019-07-02,Resighted,A
L9108,,,2019-07-02,Unmarked,A
L9109,,,2019-07-02,Unmarked,A
L9110,43,F,2019-07-02,Marked,A
L9111,2,M,2019-07-02,Resighted,A
L9112,,,2019-07-02,Unmarked,A
L9113,37A,M,2019-07-02,Resighted,A
L9114,,,2019-07-02,Unmarked,A
L9115,,M,2019-07-02,Unmarked,A
L9116,,F,2019-07-02,Unmarked,A
L9117,44,M,2019-07-02,Marked,A
L9118,,,2019-07-02,Unmarked,A
L9119,,,2019-07-02,Unmarked,A
L9120,18,M,2019-07-02,Resighted,A
L9121,45,F,2019-07-02,Marked,A
L9122,46,M,2019-07-02,Marked,A
L9123,47,M,2019-07-02,Marked,A
L9124,48,M,2019-07-02,Marked,B
L9125,49,M,2019-07-02,Marked,B
L9126,,,2019-07-02,Unmarked,B
L9127,50,F,2019-07-02,Marked,C
L9128,,M,2019-07-02,Unmarked,C
L9129,37B,M,2019-07-02,Resighted,C
L9130,51,M,2019-07-02,Marked,C
L9131,35B,F,2019-07-02,Marked,C
L9132,53,M,2019-07-02,Marked,C
L9133,52,M,2019-07-02,Marked,C
L9134,54,M,2019-07-02,Marked,C
L9135,,,2019-07-02,Unmarked,C
L9136,55,F,2019-07-03,Marked,A
L9137,56,F,2019-07-03,Marked,A
L9138,3,F,2019-07-03,Resighted,A
L9139,13,M,2019-07-03,Resighted,A
L9140,43,F,2019-07-03,Resighted,A
L9141,,,2019-07-03,Unmarked,A
L9142,36,F,2019-07-03,Resighted,A
L9143,57,M,2019-07-03,Marked,A
L9144,,,2019-07-03,Unmarked,A
L9145,17,M,2019-07-03,Resighted,A
L9146,20,F,2019-07-03,Resighted,A
L9147,,,2019-07-03,Unmarked,A
L9148,,,2019-07-03,Unmarked,A
L9149,27,M,2019-07-03,Resighted,A
L9150,7,M,2019-07-03,Resighted,A
L9151,21,M,2019-07-03,Resighted,A
L9152,58,F,2019-07-03,Marked,A
L9153,,,2019-07-03,Unmarked,A
L9154,,M,2019-07-03,Unmarked,A
L9155,,F,2019-07-03,Unmarked,A
L9156,59,F,2019-07-03,Marked,A
L9157,,,2019-07-03,Unmarked,A
L9158,60,F,2019-07-03,Marked,A
L9159,16,F,2019-07-03,Resighted,A
L9160,61,F,2019-07-03,Marked,A
L9161,,,2019-07-03,Unmarked,A
L9162,,,2019-07-03,Unmarked,A
L9163,45,F,2019-07-03,Resighted,A
L9164,62A,M,2019-07-03,Marked,A
L9165,47,M,2019-07-03,Resighted,A
L9166,19,M,2019-07-03,Resighted,A
L9167,,,2019-07-03,Unmarked,A
L9168,63,M,2019-07-03,Marked,A
L9169,62B,M,2019-07-03,Marked,A
L9170,64,M,2019-07-03,Marked,B
L9171,,,2019-07-03,Unmarked,B
L9172,48,M,2019-07-03,Resighted,B
L9173,65,M,2019-07-03,Marked,B
L9174,66,M,2019-07-03,Marked,B
L9175,51,M,2019-07-03,Resighted,C
L9176,,,2019-07-03,Unmarked,C
L9177,,,2019-07-03,Unmarked,C
L9178,37B,M,2019-07-03,Resighted,C
L9179,38,M,2019-07-03,Resighted,C
L9180,53,M,2019-07-03,Resighted,C
L9181,67,M,2019-07-03,Marked,C
L9182,,,2019-07-03,Unmarked,C
L9183,,,2019-07-03,Unmarked,C
L9184,68,M,2019-07-04,Marked,A
L9185,69,M,2019-07-04,Marked,A
L9186,,,2019-07-04,Unmarked,A
L9187,,,2019-07-04,Unmarked,A
L9188,70,F,2019-07-04,Marked,A
L9189,,,2019-07-04,Unmarked,A
L9190,4,M,2019-07-04,Resighted,A
L9191,,,2019-07-04,Unmarked,A
L9192,71,F,2019-07-04,Marked,A
L9193,72,F,2019-07-04,Marked,A
L9194,,,2019-07-04,Unmarked,A
L9195,73,F,2019-07-04,Marked,A
L9196,74,F,2019-07-04,Marked,A
L9197,35A,M,2019-07-04,Resighted,A
L9198,34,M,2019-07-04,Resighted,A
L9199,,,2019-07-04,Unmarked,A
L9200,75,F,2019-07-04,Marked,A
L9201,24,M,2019-07-04,Resighted,A
L9202,25,M,2019-07-04,Resighted,A
L9203,56,F,2019-07-04,Resighted,A
L9204,,,2019-07-04,Unmarked,A
L9205,,,2019-07-04,Unmarked,A
L9206,49,M,2019-07-04,Resighted,B
L9207,65,M,2019-07-04,Resighted,B
L9208,76,M,2019-07-04,Marked,B
L9209,77,M,2019-07-04,Marked,B
L9210,37B,M,2019-07-04,Resighted,C
L9211,39,M,2019-07-04,Resighted,C
L9212,78,M,2019-07-04,Marked,C
L9213,,,2019-07-04,Unmarked,C
L9214,54,M,2019-07-04,Resighted,C
L9215,79,M,2019-07-05,Marked,A
L9216,80,F,2019-07-05,Marked,A
L9217,56,F,2019-07-05,Resighted,A
L9218,15,F,2019-07-05,Resighted,A
L9219,13,M,2019-07-05,Resighted,A
L9220,81,F,2019-07-05,Marked,A
L9221,72,F,2019-07-05,Resighted,A
L9222,82,M,2019-07-05,Marked,A
L9223,,,2019-07-05,Unmarked,A
L9224,,,2019-07-05,Unmarked,A
L9225,16,F,2019-07-05,Resighted,A
L9226,24,M,2019-07-05,Resighted,A
L9227,33,F,2019-07-05,Resighted,A
L9228,83,M,2019-07-05,Marked,A
L9229,14,M,2019-07-05,Resighted,B
L9230,76,M,2019-07-05,Resighted,B
L9231,,,2019-07-05,Unmarked,B
L9232,84,F,2019-07-05,Marked,B
L9233,65,M,2019-07-05,Resighted,B
L9234,85,M,2019-07-05,Marked,B
L9235,77,M,2019-07-05,Resighted,B
L9236,86,F,2019-07-05,Marked,C
L9237,87,F,2019-07-05,Marked,C
L9238,88,M,2019-07-05,Marked,C
L9239,89,F,2019-07-05,Marked,C
L9240,90,M,2019-07-05,Marked,C
L9241,91,M,2019-07-05,Marked,C
L9242,50,F,2019-07-05,Resighted,C
L9243,,,2019-07-05,Unmarked,C
L9244,,,2019-07-05,Unmarked,C
L9245,27,M,2019-07-06,Resighted,A
L9246,92,F,2019-07-06,Marked,A
L9247,,,2019-07-06,Unmarked,A
L9248,,,2019-07-06,Unmarked,A
L9249,,,2019-07-06,Unmarked,A
L9250,82,M,2019-07-06,Resighted,A
L9251,,,2019-07-06,Unmarked,A
L9252,,,2019-07-06,Unmarked,A
L9253,93,M,2019-07-06,Marked,A
L9254,,,2019-07-06,Unmarked,A
L9255,,,2019-07-06,Unmarked,A
L9256,,,2019-07-06,Unmarked,A
L9257,70,F,2019-07-06,Resighted,A
L9258,94,F,2019-07-06,Marked,A
L9259,,,2019-07-06,Unmarked,A
L9260,95,F,2019-07-06,Marked,A
L9261,58,F,2019-07-06,Resighted,A
L9262,14,M,2019-07-06,Resighted,B
L9263,84,F,2019-07-06,Resighted,B
L9264,64,M,2019-07-06,Resighted,B
L9265,65,M,2019-07-06,Resighted,B
L9266,85,M,2019-07-06,Resighted,B
L9267,90,M,2019-07-06,Resighted,C
L9268,99,F,2019-07-06,Marked,C
L9269,87,F,2019-07-06,Resighted,C
L9270,96,M,2019-07-06,Marked,C
L9271,,,2019-07-06,Unmarked,C
L9272,,,2019-07-06,Unmarked,C
L9273,,,2019-07-06,Unmarked,C
L9274,97,M,2019-07-06,Marked,C
L9275,98,F,2019-07-06,Marked,C
L9276,101,F,2019-07-07,Marked,A
L9277,100,F,2019-07-07,Marked,A
L9278,,,2019-07-07,Unmarked,A
L9279,27,M,2019-07-07,Resighted,A
L9280,75,F,2019-07-07,Resighted,A
L9281,15,F,2019-07-07,Resighted,A
L9282,33,F,2019-07-07,Resighted,A
L9283,83,M,2019-07-07,Resighted,A
L9284,65,M,2019-07-07,Resighted,B
L9285,76,M,2019-07-07,Resighted,B
L9286,103,F,2019-07-07,Marked,B
L9287,86,F,2019-07-07,Resighted,C
L9288,78,M,2019-07-07,Resighted,C
L9289,89,F,2019-07-07,Resighted,C
L9290,90,M,2019-07-07,Resighted,C
L9291,,,2019-07-07,Unmarked,C
L9292,87,F,2019-07-07,Resighted,C
L9293,,,2019-07-07,Unmarked,C
L9294,,,2019-07-07,Unmarked,C
L9295,,,2019-07-07,Unmarked,C
L9296,,,2019-07-07,Unmarked,C
L9297,14,M,2019-07-07,Resighted,B
L9298,,,2019-07-08,Unmarked,A
L9299,,,2019-07-08,Unmarked,A
L9300,,,2019-07-08,Unmarked,A
L9301,60,F,2019-07-08,Resighted,A
L9302,104,F,2019-07-08,Marked,A
L9303,103,F,2019-07-08,Resighted,B
L9304,105,F,2019-07-08,Marked,C
L9305,,,2019-07-09,Unmarked,C
L9306,98,F,2019-07-09,Resighted,C
L9307,,,2019-07-09,Unmarked,B
L9308,,,2019-07-09,Unmarked,A
L9309,106,F,2019-07-10,Marked,C
L9310,,,2019-07-10,Unmarked,C
L9311,,,2019-07-10,Unmarked,A
L9312,,,2019-07-10,Unmarked,A
L9313,83,M,2019-07-10,Resighted,A
L9314,102,F,2019-07-11,Marked,A
L9315,107,M,2019-07-11,Marked,A
L9316,108,M,2019-07-11,Marked,A
L9317,109,M,2019-07-11,Marked,A
L9318,110,M,2019-07-11,Marked,C
L9319,111,F,2019-07-12,Marked,A
L9320,112,F,2019-07-12,Marked,A
L9321,102,F,2019-07-12,Resighted,A
L9322,113,F,2019-07-12,Marked,A
L9323,100,F,2019-07-12,Resighted,A
L9325,56,F,2019-07-14,Resighted,A
L9326,,,2019-07-14,Unmarked,B
L9327,,,2019-07-15,Unmarked,B
L9328,87,F,2019-07-16,Resighted,B
L9329,87,F,2019-07-17,Resighted,B
L9330,114,F,2019-07-17,Marked,B
L9331,86,F,2019-07-18,Resighted,C
